{"Recall@20": 0.29976607153547824, "Recall@50": 0.429326846520124, "NDCG@100": 0.3636531643655471}