{"Recall@20": 0.2996844250693901, "Recall@50": 0.4276814373454607, "NDCG@100": 0.3624647958430006}