{"Recall@20": 0.29970291006687294, "Recall@50": 0.4284857201472842, "NDCG@100": 0.3630273478558509}