{"Recall@20": 0.2787741711072781, "Recall@50": 0.42068039191828005, "NDCG@100": 0.3561283560485306}