{"Recall@20": 0.2786026009535706, "Recall@50": 0.42007905693920533, "NDCG@100": 0.3562997076744531}