{"Recall@20": 0.38778717732276363, "Recall@50": 0.5361633665733785, "NDCG@100": 0.34575317587222926}