{"Recall@20": 0.386871387406761, "Recall@50": 0.5355201805672944, "NDCG@100": 0.34561805697844605}