{"Recall@20": 0.2579856346564348, "Recall@50": 0.33535913872838646, "NDCG@100": 0.3072830644763501}