{"Recall@20": 0.25820759624645057, "Recall@50": 0.33642257023278366, "NDCG@100": 0.30775024497266185}